Transaction Date,Post Date,Description,Category,Type,Amount,Memo
09/11/2025,09/12/2025,Lemonade Insurance Compan,Bills & Utilities,Sale,-6.83,
09/09/2025,09/10/2025,Amazon.com*GA2NH8TH3,Shopping,Sale,-7.52,
09/07/2025,09/08/2025,TST* THE ORDINARIE,Food & Drink,Sale,-52.20,
09/06/2025,09/07/2025,SQ *RYE LLC,Food & Drink,Sale,-13.54,
09/05/2025,09/07/2025,AMAZON MKTPL*NX8QT2BQ3,Shopping,Sale,-35.55,
09/07/2025,09/07/2025,CITY OF LONG BEACH PRKNG,Travel,Sale,-1.50,
09/03/2025,09/05/2025,THE LOST BEAN - COSTA MES,Food & Drink,Sale,-3.88,
09/02/2025,09/04/2025,TRADER JOE S #113,Groceries,Sale,-30.99,
09/02/2025,09/04/2025,UNITED      0164326976087,Travel,Sale,-40.00,
09/03/2025,09/04/2025,SQ *PORTOLA COFFEE ROASTE,Food & Drink,Sale,-25.00,
09/02/2025,09/04/2025,POM &amp; OLIVE CAFE AND BANQ,Food & Drink,Sale,-34.09,
09/02/2025,09/03/2025,SQ *BLUE BOWL - COSTA MES,Food & Drink,Sale,-14.19,
09/01/2025,09/03/2025,GAIA MASALA &amp; BURGER-SPR,Food & Drink,Sale,-80.87,
09/01/2025,09/02/2025,SQ *RED DOG COFFEE,Food & Drink,Sale,-8.50,
08/31/2025,09/02/2025,SAFEWAY #3729,Groceries,Sale,-34.68,
09/01/2025,09/02/2025,SQ *MANITOU TEA MARKET  I,Shopping,Sale,-19.24,
08/31/2025,09/01/2025,T J MAXX #1198,Shopping,Sale,-53.79,
08/29/2025,08/31/2025,SQ *CARNELIAN COFFEE CO ,Food & Drink,Sale,-5.00,
08/29/2025,08/31/2025,SQ *CAFFEINATED COW,Food & Drink,Sale,-6.65,
08/29/2025,08/31/2025,SQ *CARNELIAN COFFEE CO ,Food & Drink,Sale,-62.24,
08/30/2025,08/31/2025,T J MAXX #1198,Shopping,Sale,-18.28,
08/28/2025,08/31/2025,DENVER MUSEUM OF NATURE,Entertainment,Sale,-25.95,
08/27/2025,08/29/2025,TST*SALTY BEAR BREWING C,Food & Drink,Sale,-7.00,
08/28/2025,08/29/2025,SIERRA #0078,Shopping,Sale,-21.65,
08/28/2025,08/29/2025,SQ *DANDY LION COFFEE,Food & Drink,Sale,-5.59,
08/27/2025,08/29/2025,TST*SALTY BEAR BREWING C,Food & Drink,Sale,-8.00,
08/28/2025,08/29/2025,MCDONALD'S F11629,Food & Drink,Sale,-7.00,
08/27/2025,08/28/2025,Amazon.com*1N3KC0KQ3,Shopping,Sale,-85.11,
08/26/2025,08/26/2025,AUTOMATIC PAYMENT - THANK,,Payment,2560.66,
08/24/2025,08/26/2025,TST*THE MODEL BAKERY - O,Food & Drink,Sale,-35.31,
08/24/2025,08/25/2025,SQ *RITUAL COFFEE ROASTER,Food & Drink,Sale,-6.00,
08/23/2025,08/25/2025,TST*ANDIES CAFE,Food & Drink,Sale,-22.55,
08/22/2025,08/24/2025,Amazon.com*0W4U17JL3,Shopping,Sale,-7.52,
08/23/2025,08/24/2025,Amazon.com*RP6EI3B93,Shopping,Sale,-13.52,
08/21/2025,08/24/2025,TARGET        00002501,Shopping,Sale,-12.53,
08/23/2025,08/24/2025,SQ *NAYSAYER COFFEE ROAST,Food & Drink,Sale,-25.50,
08/21/2025,08/22/2025,COSTCO GAS #0411,Gas,Sale,-28.96,
08/21/2025,08/22/2025,AMAZON MKTPL*4D2194SA3,Shopping,Sale,-22.11,
08/21/2025,08/22/2025,AMAZON MKTPL*VX3KE8TI3,Shopping,Sale,-13.98,
08/21/2025,08/22/2025,COSTCO WHSE #0411,Shopping,Sale,-47.83,
08/20/2025,08/22/2025,THE LOST BEAN - COSTA MES,Food & Drink,Sale,-7.76,
08/21/2025,08/22/2025,TSA PreCheck by CLEAR,Bills & Utilities,Sale,-79.95,
08/20/2025,08/21/2025,SEE 2020 OPTOMETRY,Health & Wellness,Sale,-70.00,
08/20/2025,08/21/2025,CVS/PHARMACY #08883,Health & Wellness,Sale,-9.28,
08/17/2025,08/19/2025,THE HOME DEPOT #0606,Home,Sale,-84.82,
08/17/2025,08/18/2025,ATT*BILL PAYMENT,Bills & Utilities,Sale,-65.22,
08/17/2025,08/18/2025,SQ *BEVERLY HILLS,Food & Drink,Sale,-12.65,
08/17/2025,08/18/2025,TST* SUGO PIZZA,Food & Drink,Sale,-39.86,
08/17/2025,08/18/2025,THE TOLL ROADS OF OC,Travel,Sale,-6.72,
08/15/2025,08/17/2025,Lemonade Insurance,Bills & Utilities,Sale,-7.62,
08/16/2025,08/17/2025,SQ *FREELANCE COFFEE PROJ,Food & Drink,Sale,-5.75,
08/16/2025,08/17/2025,SQ *DAYDREAM SURF SHOP  L,Food & Drink,Sale,-10.00,
08/16/2025,08/17/2025,TST*TOKYO KATSU CURRY,Food & Drink,Sale,-49.68,
08/14/2025,08/14/2025,Audible*YI8LP7103,Bills & Utilities,Sale,-14.95,
08/11/2025,08/13/2025,THE HOME DEPOT #0606,Home,Sale,-23.11,
08/11/2025,08/12/2025,LEMONADE INSURANCE,Bills & Utilities,Sale,-6.83,
08/10/2025,08/12/2025,TST*RED ROCK COFFEE,Food & Drink,Sale,-6.27,
08/10/2025,08/11/2025,SQ *DUMPLING QUEEN,Groceries,Sale,-10.30,
08/09/2025,08/10/2025,TST* MENDOCINO FARMS - 52,Food & Drink,Sale,-20.47,
08/09/2025,08/10/2025,SQ *LOOKOUT COFFEE,Food & Drink,Sale,-9.75,
08/09/2025,08/10/2025,SQ *LOOKOUT COFFEE,Food & Drink,Sale,-20.96,
08/08/2025,08/10/2025,TONY &amp; ALBA'S PIZZA AND P,Food & Drink,Sale,-132.29,
08/08/2025,08/10/2025,SQ *1 OZ COFFEE TASMAN SC,Food & Drink,Sale,-6.46,
08/07/2025,08/08/2025,SQ *VOYAGER-SANTA CLARA U,Food & Drink,Sale,-21.60,
08/07/2025,08/08/2025,SQ *UME-CA-MILPITAS,Food & Drink,Sale,-13.35,
08/07/2025,08/08/2025,FSP*FOX TALE FERMENTATION,Food & Drink,Sale,-48.81,
08/06/2025,08/07/2025,SQ *1 OZ COFFEE BENTON SC,Food & Drink,Sale,-12.55,
08/05/2025,08/07/2025,THE LOST BEAN - COSTA MES,Food & Drink,Sale,-4.89,
08/05/2025,08/07/2025,THE HOME DEPOT #0606,Home,Sale,-32.91,
08/04/2025,08/05/2025,COSTCO GAS #0411,Gas,Sale,-26.15,
08/04/2025,08/05/2025,USPS PO 0569620115,Shopping,Sale,-11.80,
08/03/2025,08/04/2025,TST* ALFRED COFFEE - SAWT,Food & Drink,Sale,-11.50,
08/01/2025,08/03/2025,NORTHGATE MARKET #044,Groceries,Sale,-31.46,
08/02/2025,08/03/2025,COSTCO GAS #0741,Gas,Sale,-33.48,
08/01/2025,08/03/2025,NORTHGATE MARKET 44 - LA,Groceries,Sale,-16.99,
08/01/2025,08/03/2025,NORTHGATE MARKET 44 - PAS,Groceries,Sale,-3.00,
08/01/2025,08/03/2025,NORTHGATE MARKET 44 - TAC,Groceries,Sale,-10.76,
08/01/2025,08/01/2025,ANNUAL MEMBERSHIP FEE,Fees & Adjustments,Fee,-95.00,
07/31/2025,08/01/2025,TST* HOLA ADIOS COFFEESHO,Food & Drink,Sale,-16.08,
07/30/2025,07/31/2025,LAKESIDE CAFE,Food & Drink,Sale,-3.25,
07/27/2025,07/29/2025,TRADER JOE S #113,Groceries,Sale,-14.19,
07/28/2025,07/29/2025,COSTCO GAS #0411,Gas,Sale,-22.52,
07/27/2025,07/28/2025,RUGS PLUS,Home,Sale,-130.50,
07/26/2025,07/28/2025,TST*LAGUNA BEER CO - LAG,Food & Drink,Sale,-45.99,
07/26/2025,07/27/2025,NORTHGATE MARKET 44 - GUI,Groceries,Sale,-17.23,
07/26/2025,07/27/2025,RUGS PLUS,Home,Sale,-391.50,
07/25/2025,07/27/2025,GDP*Janes Corndogs 3 Inc.,Food & Drink,Sale,-5.49,
07/26/2025,07/27/2025,TJMAXX #0023,Shopping,Sale,-32.31,
07/26/2025,07/27/2025,SQ *PORTOLA COFFEE ROASTE,Food & Drink,Sale,-13.50,
07/26/2025,07/27/2025,SQ *PORTOLA COFFEE ROASTE,Food & Drink,Sale,-23.00,
07/25/2025,07/27/2025,TST*UROKO CAFE - COSTA M,Food & Drink,Sale,-30.00,
07/24/2025,07/27/2025,TRADER JOE S #113,Groceries,Sale,-57.41,
07/26/2025,07/27/2025,COSTCO WHSE #0411,Shopping,Sale,-52.18,
07/25/2025,07/27/2025,SLICE OF NEW YORK - SEAL,Food & Drink,Sale,-5.15,
07/26/2025,07/27/2025,AT HOME STORE 265,Home,Sale,-7.73,
07/25/2025,07/25/2025,AUTOMATIC PAYMENT - THANK,,Payment,2305.85,
07/23/2025,07/25/2025,THE LOST BEAN - COSTA MES,Food & Drink,Sale,-7.19,
07/22/2025,07/24/2025,HINANO CAFE,Food & Drink,Sale,-13.67,
07/20/2025,07/22/2025,JERSEY MIKES 20102,Food & Drink,Sale,-11.75,
07/21/2025,07/22/2025,COSTCO WHSE #0411,Shopping,Sale,-128.44,
07/19/2025,07/21/2025,TST*QUE VIDA TACO - COST,Food & Drink,Sale,-15.03,
07/20/2025,07/21/2025,SQ *FRUITTHIES,Food & Drink,Sale,-11.00,
07/20/2025,07/21/2025,AMAZON MKTPL*A98529RC3,Shopping,Sale,-65.70,
07/18/2025,07/20/2025,ATT*BILL PAYMENT,Bills & Utilities,Sale,-65.22,
07/19/2025,07/20/2025,TJMAXX #0023,Shopping,Sale,-53.86,
07/17/2025,07/20/2025,TST*UROKO CAFE - COSTA M,Food & Drink,Sale,-15.00,
07/19/2025,07/20/2025,TST* BARBONZAI-COSTA MESA,Food & Drink,Sale,-15.25,
07/19/2025,07/20/2025,TST* HOLA ADIOS COFFEESHO,Food & Drink,Sale,-18.24,
07/19/2025,07/20/2025,AT HOME STORE 265,Home,Sale,-8.61,
07/16/2025,07/18/2025,THE HOME DEPOT #8525,Home,Return,86.39,
07/16/2025,07/18/2025,MUGIMARU -Costa Mesa,Food & Drink,Sale,-9.60,
07/16/2025,07/17/2025,COSTCO GAS #0411,Gas,Sale,-24.44,
07/16/2025,07/17/2025,VIOC GN0015,Automotive,Sale,-89.17,
07/16/2025,07/17/2025,COSTCO WHSE #0411,Shopping,Sale,-27.17,
07/14/2025,07/16/2025,THE HOME DEPOT #8525,Home,Sale,-150.00,
07/15/2025,07/16/2025,Lemonade Insurance,Bills & Utilities,Sale,-7.58,
07/14/2025,07/15/2025,Audible*NR0Q11VZ0,Bills & Utilities,Sale,-14.95,
07/13/2025,07/15/2025,SAN PASO TRUCK STOP,Gas,Sale,-20.09,
07/13/2025,07/15/2025,SAN PASO TRUCK STOP,Gas,Sale,-4.74,
07/11/2025,07/14/2025,SHELL OIL 57445932007,Gas,Sale,-12.51,
07/12/2025,07/13/2025,TACO BELL 023050,Food & Drink,Sale,-3.46,
07/11/2025,07/13/2025,WALGREENS #6445,Health & Wellness,Sale,-4.38,
07/12/2025,07/13/2025,TST* HOTEL CHEVAL,Food & Drink,Sale,-23.08,
07/11/2025,07/13/2025,COSTCO GAS #0411,Gas,Sale,-20.78,
07/11/2025,07/13/2025,Lemonade Insurance,Bills & Utilities,Sale,-6.83,
07/12/2025,07/13/2025,SQ *SPEARHEAD COFFEE,Food & Drink,Sale,-6.25,
07/11/2025,07/13/2025,TA #239 WHEELER RIDGE,Food & Drink,Sale,-6.64,
07/08/2025,07/10/2025,SOUTHWES    5262364500964,Travel,Sale,-68.38,
07/09/2025,07/10/2025,UNITED      0162312519518,Travel,Sale,-79.38,
07/08/2025,07/10/2025,SOUTHWES    5262364492030,Travel,Sale,-208.10,
07/06/2025,07/08/2025,ARCO #42208 AMPM,Gas,Sale,-19.73,
07/06/2025,07/07/2025,PLAY COFFEE,Food & Drink,Sale,-4.80,
07/06/2025,07/07/2025,AMAZON MKTPL*N36CU8251,Shopping,Sale,-57.40,
07/05/2025,07/07/2025,SPROUTS FARMERS MAR,Groceries,Sale,-56.53,
07/04/2025,07/06/2025,TST*KIT COFFEE - IRVINE,Food & Drink,Sale,-11.86,
07/05/2025,07/06/2025,SQ *PORTOLA COFFEE ROASTE,Food & Drink,Sale,-7.00,
07/05/2025,07/06/2025,COSTCO WHSE #0411,Shopping,Sale,-78.85,
07/05/2025,07/06/2025,TST* SUGO PIZZA,Food & Drink,Sale,-8.09,
07/05/2025,07/06/2025,SQ *PUPUSAS AND MEXICAN F,Personal,Sale,-6.75,
07/04/2025,07/06/2025,LAZ PARKING M33202FLASH,Travel,Sale,-7.50,
07/04/2025,07/06/2025,WHOLESOME CHOICE MA,Groceries,Sale,-27.47,
07/03/2025,07/04/2025,COSTCO WHSE #0411,Shopping,Sale,-93.46,
07/01/2025,07/02/2025,CITY OF NEWPORT BEACH-P,Bills & Utilities,Sale,-1.70,
06/29/2025,07/01/2025,SAN PASO TRUCK STOP,Gas,Sale,-30.75,
06/29/2025,07/01/2025,SAN PASO TRUCK STOP,Gas,Sale,-3.31,
06/28/2025,06/30/2025,CHICK-FIL-A #03820,Food & Drink,Sale,-22.53,
06/28/2025,06/30/2025,TST*RAD COFFEE -LONG BEA,Food & Drink,Sale,-7.50,
06/28/2025,06/29/2025,IEEE COMPUTER SOCIETY,Education,Sale,-830.00,
06/27/2025,06/29/2025,COSTCO GAS #0411,Gas,Sale,-23.66,
06/28/2025,06/29/2025,SQ *CAFE MOTIF,Food & Drink,Sale,-13.10,
06/27/2025,06/29/2025,FASTRAK VIOLATION CENT,Travel,Sale,-8.00,
06/25/2025,06/27/2025,TACO BELL 041978,Food & Drink,Sale,-9.34,
06/25/2025,06/27/2025,SAN PASO TRUCK STOP,Gas,Sale,-33.57,
06/26/2025,06/26/2025,AUTOMATIC PAYMENT - THANK,,Payment,2238.98,
06/25/2025,06/26/2025,SQ *SPEARHEAD COFFEE,Food & Drink,Sale,-6.50,
06/25/2025,06/26/2025,SQ *AMSTRDM,Food & Drink,Sale,-4.50,
06/25/2025,06/26/2025,THAI CLASSIC,Food & Drink,Sale,-14.60,
06/23/2025,06/25/2025,ALBERTSONS #0314,Groceries,Sale,-37.26,
06/23/2025,06/24/2025,SPO*CHOWABOWL,Food & Drink,Sale,-42.69,
06/23/2025,06/24/2025,SQ *CAMBRIA COFFEE COMPAN,Food & Drink,Sale,-8.65,
06/22/2025,06/23/2025,SQ *CAMBRIA COFFEE COMPAN,Food & Drink,Sale,-2.45,
06/22/2025,06/23/2025,SQ *CAMBRIA COFFEE COMPAN,Food & Drink,Sale,-17.95,
06/22/2025,06/23/2025,TREASURES ANTIQUE MALL,Shopping,Sale,-13.05,
06/21/2025,06/23/2025,PY *SOTOS TRUE EARTH MARK,Groceries,Sale,-16.34,
06/21/2025,06/23/2025,ARONHILL VINEYARDS,Entertainment,Sale,-98.51,
06/20/2025,06/22/2025,TST*FINCA,Food & Drink,Sale,-38.01,
06/20/2025,06/22/2025,GATHERINGS THRIFT,Shopping,Sale,-7.32,
06/20/2025,06/22/2025,SP STEPLADDER RANCH,Food & Drink,Sale,-144.00,
06/21/2025,06/22/2025,SQ *STEPLADDER FARMSTEAD,Food & Drink,Sale,-47.26,
06/20/2025,06/22/2025,SQ *AMSTRDM,Food & Drink,Sale,-3.50,
06/21/2025,06/22/2025,COOKIE CROCK-CAMBRI,Groceries,Sale,-54.27,
06/20/2025,06/22/2025,SQ *JONNYBOY'S BAGELRY &amp;,Food & Drink,Sale,-3.26,
06/19/2025,06/20/2025,LONG BLACK COFFEE,Food & Drink,Sale,-5.95,
06/19/2025,06/20/2025,LONG BLACK COFFEE,Food & Drink,Sale,-5.70,
06/18/2025,06/20/2025,CHICK-FIL-A #03836,Food & Drink,Sale,-13.35,
06/16/2025,06/17/2025,LEMONADE INSURANCE,Bills & Utilities,Sale,-7.58,
06/15/2025,06/16/2025,SP SUNDANCE THRIFT SHO,Shopping,Sale,-9.68,
06/14/2025,06/16/2025,BAROLO CAFE,Food & Drink,Sale,-74.40,
06/14/2025,06/16/2025,DEELUX - ORANGE,Shopping,Sale,-15.09,
06/15/2025,06/16/2025,GUADALAJARA MEXICAN GRIL,Food & Drink,Sale,-17.06,
06/12/2025,06/15/2025,MIDLAND AIRPORT,Food & Drink,Sale,-4.15,
06/14/2025,06/15/2025,Audible*NA44I2LK0,Bills & Utilities,Sale,-14.95,
06/13/2025,06/15/2025,TST*SALT &amp; LIME MODERN T,Food & Drink,Sale,-51.73,
06/13/2025,06/15/2025,SQ *AFTERS ICE CREAM,Food & Drink,Sale,-4.50,
06/12/2025,06/15/2025,MOES SW GRILL/MANCHU W,Food & Drink,Sale,-15.38,
06/14/2025,06/15/2025,COSTCO GAS #0122,Gas,Sale,-32.12,
06/14/2025,06/15/2025,SQ *ACAI REPUBLIC TUSTIN*,Groceries,Sale,-22.30,
06/12/2025,06/15/2025,GOKUMI RAMEN AND YAKITORI,Food & Drink,Sale,-19.72,
06/11/2025,06/12/2025,LEMONADE INSURANCE,Bills & Utilities,Sale,-6.83,
06/10/2025,06/12/2025,K-BOBS STEAKHOUSE FORT,Food & Drink,Sale,-19.80,
06/09/2025,06/11/2025,STOP AND SHOP (BRANCH 200,Home,Sale,-3.66,
06/07/2025,06/08/2025,HYTTOYHN,Shopping,Sale,-134.00,
06/05/2025,06/06/2025,COSTCO WHSE #0411,Shopping,Sale,-36.11,
06/05/2025,06/06/2025,COSTCO GAS #0411,Gas,Sale,-23.83,
06/05/2025,06/06/2025,COSTCO WHSE #0411,Shopping,Sale,-239.24,
06/01/2025,06/03/2025,SAN PASO TRUCK STOP,Gas,Sale,-37.55,
06/01/2025,06/02/2025,SQ *TAQUERIA MENA,Food & Drink,Sale,-9.83,
05/31/2025,06/02/2025,ARCO #42711,Gas,Sale,-25.85,
05/29/2025,06/01/2025,RAISING CANES 0189,Food & Drink,Sale,-12.49,
05/28/2025,05/29/2025,AMAZON MKTPL*N625J8OR2,Shopping,Sale,-24.75,
05/27/2025,05/29/2025,HIRONORI CRAFT RAMEN,Food & Drink,Sale,-21.08,
05/26/2025,05/28/2025,TST*FINCA,Food & Drink,Sale,-51.87,
05/26/2025,05/28/2025,SAN PASO TRUCK STOP,Gas,Sale,-32.47,
05/26/2025,05/28/2025,SAN PASO TRUCK STOP,Gas,Sale,-1.84,
05/25/2025,05/27/2025,TST*THE ITALIAN HOMEMADE,Food & Drink,Sale,-21.40,
05/26/2025,05/26/2025,AUTOMATIC PAYMENT - THANK,,Payment,4134.09,
05/25/2025,05/26/2025,SQ *GREEN APPLE BOOKS ON,Shopping,Sale,-2.17,
05/24/2025,05/26/2025,ALBERTINO'S,Groceries,Sale,-3.61,
05/24/2025,05/26/2025,REI #38 SAN CARLOS,Shopping,Sale,-109.55,
05/25/2025,05/26/2025,SQ *GREEN APPLE BOOKS ON,Shopping,Sale,-9.78,
05/25/2025,05/26/2025,CITY KEBABS &amp; GYROS INC,Food & Drink,Sale,-17.47,
05/25/2025,05/26/2025,TST*UDON MUGIZO - SAN FR,Food & Drink,Sale,-50.01,
05/24/2025,05/26/2025,TST*SAMS CHOWDER MOBILE,Food & Drink,Sale,-7.06,
05/24/2025,05/25/2025,MCDONALD'S F7605,Food & Drink,Sale,-11.28,
05/22/2025,05/23/2025,COSTCO GAS #0411,Gas,Sale,-24.36,
05/20/2025,05/21/2025,AMAZON MKTPL*NZ1RS6UX2,Shopping,Sale,-10.76,
05/20/2025,05/21/2025,BLACKMARKET BAKERY,Food & Drink,Sale,-6.90,
05/20/2025,05/21/2025,CVS/PHARMACY #08883,Health & Wellness,Sale,-18.00,
05/17/2025,05/20/2025,CRATE &amp; BARREL #511,Home,Sale,-8.57,
05/18/2025,05/20/2025,AUTOZONE #4087,Automotive,Sale,-6.24,
05/19/2025,05/20/2025,OIL STOP 12,Automotive,Sale,-110.74,
05/20/2025,05/20/2025,STEAMGAMES.COM 4259522985,Entertainment,Sale,-42.76,
05/18/2025,05/19/2025,SQ *BIRDIE,Food & Drink,Sale,-13.75,
05/17/2025,05/19/2025,TRADER JOE S #113,Groceries,Sale,-10.76,
05/17/2025,05/19/2025,TST*UROKO CAFE - COSTA M,Food & Drink,Sale,-15.00,
05/18/2025,05/19/2025,ATT*BILL PAYMENT,Bills & Utilities,Sale,-2.64,
05/18/2025,05/19/2025,SQ *PORTOLA COFFEE ROASTE,Food & Drink,Sale,-23.00,
05/18/2025,05/19/2025,SQ *PORTOLA COFFEE ROASTE,Food & Drink,Sale,-4.31,
05/17/2025,05/18/2025,SQ *WORK IN PROGRESS,Food & Drink,Sale,-4.31,
05/17/2025,05/18/2025,BONFIRE.COM,Shopping,Sale,-66.55,
05/15/2025,05/16/2025,Audible*NW2LH9WK2,Bills & Utilities,Sale,-14.95,
05/15/2025,05/15/2025,LEMONADE INSURANCE,Bills & Utilities,Sale,-7.58,
05/12/2025,05/13/2025,AMAZON MKTPL*NI4851571,Shopping,Sale,-31.88,
05/11/2025,05/12/2025,JACKSON MARKET,Food & Drink,Sale,-3.30,
05/09/2025,05/12/2025,THE LOST BEAN - COSTA MES,Food & Drink,Sale,-5.00,
05/11/2025,05/12/2025,SQ *COFFEE NATURE,Food & Drink,Sale,-27.16,
05/11/2025,05/12/2025,SQ *MARKET PIZZA BY DREW,Food & Drink,Sale,-28.73,
05/11/2025,05/12/2025,SQ *GGET CULVER,Food & Drink,Sale,-16.25,
05/10/2025,05/12/2025,TST*MAMA DS ITALIAN KIT,Food & Drink,Sale,-29.32,
05/11/2025,05/12/2025,LEMONADE INSURANCE,Bills & Utilities,Sale,-6.83,
05/11/2025,05/12/2025,JACKSON MARKET,Food & Drink,Sale,-7.95,
05/10/2025,05/11/2025,TST* BARBONZAI-COSTA MESA,Food & Drink,Sale,-3.24,
05/10/2025,05/11/2025,WWW COSTCO COM,Shopping,Sale,-856.44,
05/10/2025,05/11/2025,TST* RUIN BAR,Food & Drink,Sale,-21.34,
05/09/2025,05/11/2025,TST* SUGO PIZZA,Food & Drink,Sale,-26.39,
05/07/2025,05/08/2025,WORLD MARKET  #33,Home,Sale,-15.39,
05/04/2025,05/06/2025,EREWHON BEVERLY HIL,Groceries,Sale,-17.00,
05/05/2025,05/06/2025,COSTCO WHSE #0411,Shopping,Sale,-91.93,
05/05/2025,05/06/2025,COSTCO WHSE #0411,Shopping,Sale,-43.49,
05/05/2025,05/06/2025,COSTCO GAS #0411,Gas,Sale,-17.25,
05/05/2025,05/06/2025,COSTCO WHSE #0411,Shopping,Sale,-1.63,
05/03/2025,05/05/2025,GOOD TOWN DOUGHNUTS,Food & Drink,Sale,-6.47,
05/04/2025,05/05/2025,SQ *BEVERLY HILLS,Food & Drink,Sale,-7.50,
05/02/2025,05/04/2025,SQ *ECO NOW  COSTA MESA,Groceries,Sale,-3.23,
05/02/2025,05/04/2025,USPS CHANGE OF ADDRESS,Shopping,Sale,-1.10,
05/03/2025,05/04/2025,SQ *NOOK COFFEE BAR,Food & Drink,Sale,-3.50,
05/02/2025,05/04/2025,SQ *CANVAS,Food & Drink,Sale,-21.30,
05/01/2025,05/04/2025,TST*LION &amp; LAMB COFFEE R,Food & Drink,Sale,-15.83,
05/02/2025,05/04/2025,LA PRADERA,Groceries,Sale,-12.35,
05/02/2025,05/04/2025,TRADER JOE S #113,Groceries,Sale,-88.84,
05/01/2025,05/02/2025,Amazon.com*N25RH3DB0,Shopping,Sale,-60.33,
04/30/2025,05/01/2025,COSTCO WHSE #1001,Shopping,Return,326.24,
04/29/2025,04/30/2025,COSTCO GAS #0411,Gas,Sale,-24.66,
04/28/2025,04/30/2025,SAN PASO TRUCK STOP,Gas,Sale,-21.02,
04/29/2025,04/30/2025,COSTCO WHSE #0411,Shopping,Sale,-233.48,
04/29/2025,04/30/2025,SQ *NOOK COFFEE BAR,Food & Drink,Sale,-5.00,
04/29/2025,04/30/2025,BRED HOT CHICKEN,Food & Drink,Sale,-17.87,
04/28/2025,04/30/2025,TST*JOES PIZZA - BEVERL,Food & Drink,Sale,-10.41,
04/28/2025,04/29/2025,COSTCO WHSE #0411,Shopping,Sale,-629.52,
04/28/2025,04/29/2025,SQ *BEVERLY HILLS,Food & Drink,Sale,-10.75,
04/26/2025,04/28/2025,TST*FINCA,Food & Drink,Sale,-38.01,
04/26/2025,04/28/2025,HOMEGOODS # 0647,Shopping,Sale,-45.64,
04/25/2025,04/27/2025,TACO BELL #019209,Food & Drink,Sale,-5.25,
04/25/2025,04/27/2025,76 - SPARKLING IMAGE C,Gas,Sale,-27.71,
04/26/2025,04/27/2025,COSTCO WHSE #0741,Shopping,Sale,-65.00,
04/24/2025,04/27/2025,NATES KORNER DELI,Food & Drink,Sale,-19.64,
04/26/2025,04/27/2025,COSTCO WHSE #0741,Shopping,Sale,-171.65,
04/25/2025,04/25/2025,AUTOMATIC PAYMENT - THANK,,Payment,1400.16,
04/24/2025,04/25/2025,CVS/PHARMACY #08883,Health & Wellness,Sale,-24.89,
04/23/2025,04/25/2025,TST*TACO STAND ORANGE,Food & Drink,Sale,-10.55,
04/23/2025,04/25/2025,TRADER JOE S #113,Groceries,Sale,-79.94,
04/23/2025,04/25/2025,U-HAUL OF PLACENTIA,Home,Sale,-107.67,
04/23/2025,04/25/2025,TARGET        00002501,Shopping,Sale,-9.26,
04/22/2025,04/24/2025,FUEL DEPOT,Gas,Sale,-31.82,
04/23/2025,04/24/2025,SQ *BOBA GUYS COSTA MESA,Food & Drink,Sale,-13.50,
04/22/2025,04/23/2025,SQ *STORKE - DUNE COFFEE,Food & Drink,Sale,-5.00,
04/22/2025,04/23/2025,TST*HOLA ADIOS COFFEESHO,Food & Drink,Sale,-19.39,
04/22/2025,04/23/2025,SQ *SLO DONUT COMPANY,Food & Drink,Sale,-1.95,
04/20/2025,04/22/2025,IMPARK00270067U,Travel,Sale,-24.00,
04/20/2025,04/21/2025,ATT*BILL PAYMENT,Bills & Utilities,Sale,-60.26,
04/20/2025,04/21/2025,TST* FARM HOUSE - BELMONT,Food & Drink,Sale,-130.46,
04/20/2025,04/21/2025,SQ *THE COFFEE BERRY SF,Shopping,Sale,-18.11,
04/18/2025,04/21/2025,ADELITAS RESTAURANT IN,Food & Drink,Sale,-32.45,
04/18/2025,04/21/2025,SWEET GELATO,Food & Drink,Sale,-13.31,
04/18/2025,04/20/2025,U-BOX MVNG &amp; STRG OF CONC,Home,Sale,-771.95,
04/18/2025,04/20/2025,SAFEWAY #2900,Groceries,Sale,-24.16,
04/17/2025,04/18/2025,JCPENNEY 1959,Shopping,Sale,-104.92,
04/17/2025,04/18/2025,BUONA ITALIA,Food & Drink,Sale,-20.57,
04/16/2025,04/18/2025,OAKLAND PARKMOBILE PAY,Travel,Sale,-1.00,
04/16/2025,04/18/2025,TST*BELOTTI BOTTEGA,Food & Drink,Sale,-21.22,
04/16/2025,04/18/2025,OAKLAND PARKMOBILE PAY,Travel,Sale,-1.00,
04/17/2025,04/18/2025,SQ *CUNEO BAKERY INC.,Food & Drink,Sale,-8.00,
04/16/2025,04/18/2025,OAKLAND PARKMOBILE PAY,Travel,Sale,-4.00,
04/17/2025,04/18/2025,GRAND GAS UNION,Gas,Sale,-27.41,
04/16/2025,04/18/2025,ME AND JUNGLE CAFE,Food & Drink,Sale,-13.13,
04/17/2025,04/18/2025,SQ *BONJOUR BAKEHOUSE LLC,Food & Drink,Sale,-15.25,
04/16/2025,04/18/2025,OAKLAND PARKMOBILE PAY,Travel,Sale,-1.75,
04/16/2025,04/18/2025,OAKLAND PARKMOBILE PAY,Travel,Sale,-1.75,
04/16/2025,04/18/2025,OAKLAND PARKMOBILE PAY,Travel,Sale,-1.45,
04/16/2025,04/18/2025,OAKLAND PARKMOBILE PAY,Travel,Sale,-1.00,
04/16/2025,04/18/2025,OAKLAND PARKMOBILE PAY,Travel,Sale,-1.00,
04/15/2025,04/17/2025,LOWES #01019*,Home,Sale,-3.69,
04/15/2025,04/17/2025,TAQUERIA MI DURANGO,Food & Drink,Sale,-17.53,
04/15/2025,04/17/2025,JCPENNEY 1959,Shopping,Sale,-52.19,
04/15/2025,04/16/2025,BACKHAUS,Food & Drink,Sale,-16.00,
04/15/2025,04/16/2025,SQ *BONJOUR BAKEHOUSE LLC,Food & Drink,Sale,-11.25,
04/15/2025,04/16/2025,TARGET        00010546,Shopping,Sale,-76.90,
04/14/2025,04/16/2025,PMUSA 718012 SOUTH SAN,Travel,Sale,-0.80,
04/14/2025,04/16/2025,PMUSA 718012 SOUTH SAN,Travel,Sale,-0.80,
04/15/2025,04/16/2025,A-1 TEST ONLY SMOG CENTE,Automotive,Sale,-59.95,
04/15/2025,04/16/2025,LEMONADE INSURANCE,Bills & Utilities,Sale,-7.58,
04/14/2025,04/15/2025,EL FAROLITO 5,Food & Drink,Sale,-14.47,
04/14/2025,04/15/2025,LOWES #01019*,Home,Return,18.66,
04/14/2025,04/15/2025,Audible*S09RR76R3,Bills & Utilities,Sale,-14.95,
04/14/2025,04/15/2025,WALGREENS #2939,Health & Wellness,Sale,-4.38,
04/13/2025,04/14/2025,SPO*BRISBANELUNCHTRUCK,Food & Drink,Sale,-45.87,
04/12/2025,04/14/2025,LUCKY #748 SAN BRUN,Groceries,Sale,-4.82,
04/13/2025,04/14/2025,SQ *47 HILLS BREWING COMP,Food & Drink,Sale,-64.45,
04/12/2025,04/13/2025,LOWES #01019*,Home,Sale,-18.66,
04/11/2025,04/13/2025,USPS PO 0567500220,Shopping,Sale,-10.10,
04/11/2025,04/13/2025,U-BOX MOVING &amp; STORAGE OF,Automotive,Sale,-250.23,
04/11/2025,04/13/2025,LOWES #01019*,Home,Sale,-20.35,
04/09/2025,04/11/2025,PMUSA 718012 SOUTH SAN,Travel,Sale,-0.55,
04/09/2025,04/11/2025,PMUSA 718012 SOUTH SAN,Travel,Sale,-2.30,
04/09/2025,04/11/2025,CA DMV FEE,Bills & Utilities,Sale,-3.12,
04/09/2025,04/11/2025,STATE OF CALIF DMV INT SC,Bills & Utilities,Sale,-160.00,
04/10/2025,04/11/2025,FYGO INC,Food & Drink,Sale,-25.17,
04/09/2025,04/10/2025,SQ *CUNEO BAKERY INC.,Food & Drink,Sale,-8.00,
04/09/2025,04/10/2025,LEMONADE INSURANCE,Bills & Utilities,Sale,-6.83,
04/07/2025,04/09/2025,TRADER JOE S #181,Groceries,Sale,-21.95,
04/08/2025,04/09/2025,SQ *SOCIETEA,Food & Drink,Sale,-8.34,
04/07/2025,04/09/2025,ARCO#83848ARCO GREENFIEL,Gas,Sale,-20.24,
04/07/2025,04/08/2025,GRAND GAS UNION,Gas,Sale,-14.18,
04/05/2025,04/07/2025,TST*FINCA,Food & Drink,Sale,-38.01,
04/06/2025,04/07/2025,THE POUR HOUSE,Food & Drink,Sale,-11.88,
04/04/2025,04/06/2025,SUPER CUCAS TAQUERIA &amp; C,Food & Drink,Sale,-20.62,
04/03/2025,04/06/2025,TRADER JOE S #237,Groceries,Sale,-2.49,
04/04/2025,04/06/2025,68211 1465 SPEEDWAY,Gas,Sale,-25.93,
04/04/2025,04/06/2025,SQ *STATE ST - DUNE COFFE,Food & Drink,Sale,-3.50,
04/05/2025,04/06/2025,SQ *CENTRAL COAST CREAMER,Food & Drink,Sale,-11.10,
04/04/2025,04/06/2025,SQ *BLACK CANVAS COFFEE -,Food & Drink,Sale,-14.78,
04/03/2025,04/04/2025,RPS*The Enclave Apa CD,Professional Services,Sale,-200.00,
04/03/2025,04/04/2025,SQ *BEVERLY HILLS,Food & Drink,Sale,-10.75,
04/03/2025,04/04/2025,RPS*The Enclave Apa CD,Professional Services,Sale,-45.00,
04/01/2025,04/03/2025,GANGNAM STATION - LA,Food & Drink,Sale,-81.74,
04/02/2025,04/03/2025,TST*LORENZO CALIFORNIA,Food & Drink,Sale,-29.63,
04/02/2025,04/03/2025,RITE AID 05456,Health & Wellness,Sale,-10.74,
04/02/2025,04/03/2025,SQ *BEVERLY HILLS,Food & Drink,Sale,-6.00,
04/02/2025,04/03/2025,SQ *BLACK CANVAS COFFEE -,Food & Drink,Sale,-10.31,
03/31/2025,04/02/2025,VENTURA SINCLAIR,Gas,Sale,-22.40,
04/01/2025,04/02/2025,IN-N-OUT VENTURA,Food & Drink,Sale,-7.06,
04/01/2025,04/02/2025,TST*HOLA ADIOS COFFEESHO,Food & Drink,Sale,-15.01,
03/30/2025,04/01/2025,ARCO#07048ARCO #07048,Gas,Sale,-31.18,
03/30/2025,04/01/2025,TACO BELL 036720,Food & Drink,Sale,-6.54,
03/30/2025,03/31/2025,WAYMO,Travel,Sale,-11.98,
03/30/2025,03/31/2025,WAYMO,Travel,Sale,-11.98,
03/30/2025,03/31/2025,SQ *DELIGHTFUL FOODS,Food & Drink,Sale,-8.00,
03/30/2025,03/31/2025,SQ *ANDYTOWN COFFEE ROAST,Food & Drink,Sale,-12.36,
03/28/2025,03/31/2025,ADELITAS RESTAURANT IN,Food & Drink,Sale,-51.13,
03/28/2025,03/30/2025,CAMPBELL GAS,Gas,Sale,-20.00,
03/28/2025,03/30/2025,FREETAXUSA.COM,Professional Services,Sale,-14.99,
03/25/2025,03/27/2025,LUCKY #748 SAN BRUN,Groceries,Sale,-12.37,
03/26/2025,03/27/2025,WALGREENS #2939,Health & Wellness,Sale,-9.32,
03/26/2025,03/27/2025,CTLP*Millbrae Laundrom,Personal,Sale,-10.00,
03/26/2025,03/27/2025,CTLP*Millbrae Laundrom,Personal,Sale,-17.00,
03/26/2025,03/26/2025,AUTOMATIC PAYMENT - THANK,,Payment,892.68,
03/24/2025,03/26/2025,DEANS PRODUCE,Groceries,Sale,-9.94,
03/24/2025,03/26/2025,TRADER JOE S #170,Groceries,Sale,-21.05,
03/24/2025,03/26/2025,TRADER JOE S #170,Groceries,Sale,-77.64,
03/25/2025,03/26/2025,LOWES #01019*,Home,Sale,-8.77,
03/23/2025,03/24/2025,LOWES #01019*,Home,Sale,-2.18,
03/22/2025,03/24/2025,TABARES MEXICAN FOOD,Food & Drink,Sale,-12.32,
03/21/2025,03/23/2025,PMUSA 718040 CAL POLY,Travel,Sale,-1.35,
03/21/2025,03/23/2025,SQ *FIELD DAY COFFEE,Food & Drink,Sale,-5.44,
03/21/2025,03/23/2025,PMUSA 718040 CAL POLY,Travel,Sale,-4.35,
03/21/2025,03/23/2025,SQ *JONNYBOY'S BAGELRY &amp;,Food & Drink,Sale,-20.00,
03/20/2025,03/23/2025,SAN PASO TRUCK STOP,Gas,Sale,-18.62,
03/21/2025,03/23/2025,SQ *SPEARHEAD COFFEE,Food & Drink,Sale,-6.00,
03/21/2025,03/23/2025,TRADER JOE S #211,Groceries,Sale,-1.99,
03/21/2025,03/23/2025,ARCO#83848ARCO GREENFIEL,Gas,Sale,-30.17,
03/21/2025,03/23/2025,TST*FINCA,Food & Drink,Sale,-37.06,
03/21/2025,03/23/2025,SQ *SPEARHEAD COFFEE,Food & Drink,Sale,-6.25,
03/19/2025,03/23/2025,KRAKEN COFFEE COMPANY,Food & Drink,Sale,-11.00,
03/21/2025,03/23/2025,TST* RUSTIC FIRE,Food & Drink,Sale,-38.01,
03/21/2025,03/23/2025,PMUSA 718040 CAL POLY,Travel,Sale,-1.35,
03/20/2025,03/21/2025,FRENCH CORNER BAKERY,Food & Drink,Sale,-4.00,
03/20/2025,03/21/2025,SQ *CAMBRIA COFFEE COMPAN,Food & Drink,Sale,-2.07,
03/18/2025,03/20/2025,SLO BREW ROCK,Food & Drink,Sale,-131.06,
03/18/2025,03/19/2025,ATT*BILL PAYMENT,Bills & Utilities,Sale,-60.26,
03/17/2025,03/19/2025,PY *SOTOS TRUE EARTH MARK,Groceries,Sale,-41.41,
03/16/2025,03/18/2025,TACO BELL 023050,Food & Drink,Sale,-10.28,
03/17/2025,03/18/2025,SQ *CAMBRIA COFFEE COMPAN,Food & Drink,Sale,-3.48,
03/16/2025,03/17/2025,SQ *CAMBRIA COFFEE COMPAN,Food & Drink,Sale,-2.95,
03/14/2025,03/16/2025,SQ *WINE SHINE &amp; TIN CITY,Food & Drink,Sale,-65.06,
03/14/2025,03/16/2025,CVS/PHARMACY #09925,Health & Wellness,Sale,-4.55,
03/14/2025,03/16/2025,SAN PASO TRUCK STOP,Gas,Sale,-45.85,
03/14/2025,03/16/2025,SQ *SPEARHEAD COFFEE,Food & Drink,Sale,-6.75,
03/15/2025,03/16/2025,TST*FIRESTONE WALKER TAP,Food & Drink,Sale,-52.60,
03/14/2025,03/16/2025,MEDITERRANEAN SPICE CA,Food & Drink,Sale,-41.00,
03/15/2025,03/16/2025,LEMONADE INSURANCE,Bills & Utilities,Sale,-7.58,
03/13/2025,03/14/2025,SQ *NEGRANTI CREAMERY,Groceries,Sale,-18.34,
03/12/2025,03/14/2025,TRIMANA FRESH MARKET,Groceries,Sale,-3.25,
03/14/2025,03/14/2025,Audible*C37Z758O3,Bills & Utilities,Sale,-14.95,
03/13/2025,03/14/2025,TST* 10 SPEED - SAWTELLE,Food & Drink,Sale,-12.08,
03/13/2025,03/14/2025,6103 CONSERV FUEL,Gas,Sale,-23.57,
03/12/2025,03/13/2025,SQ *BEVERLY HILLS,Food & Drink,Sale,-10.50,
03/13/2025,03/13/2025,SQ *TAQUERIA SANTA CRUZ E,Food & Drink,Sale,-41.65,
03/10/2025,03/12/2025,AMTRAK      0695470196897,Travel,Sale,-43.00,
03/10/2025,03/11/2025,SQ *FIELD DAY COFFEE,Food & Drink,Sale,-14.14,
03/10/2025,03/11/2025,SQ *TAQUERIA SANTA CRUZ E,Food & Drink,Sale,-14.79,
03/08/2025,03/09/2025,SLO FOOD CO-OP,Groceries,Sale,-27.98,
03/07/2025,03/09/2025,TRES HERMANOS,Food & Drink,Sale,-5.00,
03/08/2025,03/09/2025,SQ *FIELD DAY COFFEE,Food & Drink,Sale,-33.00,
03/07/2025,03/09/2025,FASTRAK VIOLATION CENT,Travel,Sale,-8.00,
03/07/2025,03/09/2025,SQ *JONNYBOY'S BAGELRY &amp;,Food & Drink,Sale,-6.52,
03/07/2025,03/09/2025,ARCO 66414 AMPM,Gas,Sale,-4.28,
03/07/2025,03/09/2025,TACO BELL 023052,Food & Drink,Sale,-6.17,
03/08/2025,03/09/2025,TST*SHELLFISH CO,Food & Drink,Sale,-9.73,
03/08/2025,03/09/2025,SQ *SANTA BARBARA,Food & Drink,Sale,-20.70,
03/06/2025,03/09/2025,TACO BELL 26850,Food & Drink,Sale,-4.35,
03/08/2025,03/09/2025,TAQUERIA Y CARNICERIA,Groceries,Sale,-6.53,
03/08/2025,03/09/2025,SPO*CHOWABOWL,Food & Drink,Sale,-19.85,
03/06/2025,03/07/2025,GRAND GAS UNION,Gas,Sale,-12.71,
03/05/2025,03/06/2025,FYGO INC,Food & Drink,Sale,-33.87,
03/04/2025,03/05/2025,YOMIES RICE &amp; YOGURT,Food & Drink,Sale,-8.80,
03/03/2025,03/04/2025,LIQUOR LAND,Food & Drink,Sale,-5.82,
02/28/2025,03/02/2025,KWIK SERV SAN BRUNO,Gas,Sale,-13.85,
02/27/2025,03/02/2025,SAFEWAY #2878,Groceries,Sale,-17.96,
02/26/2025,02/27/2025,SNA CNBC Shop,Shopping,Sale,-3.11,
02/26/2025,02/27/2025,SQ *PHILZ COFFEE,Food & Drink,Sale,-8.90,
02/26/2025,02/26/2025,AUTOMATIC PAYMENT - THANK,,Payment,983.86,
02/25/2025,02/26/2025,SQ *PHILZ COFFEE,Food & Drink,Sale,-4.25,
02/25/2025,02/26/2025,SQ *PHILZ COFFEE,Food & Drink,Sale,-4.95,
02/25/2025,02/26/2025,WAHOO'S FISH TACO-116,Food & Drink,Sale,-12.88,
02/24/2025,02/25/2025,TST* EQUATOR COFFEES - BU,Food & Drink,Sale,-25.00,
02/24/2025,02/25/2025,TST* EQUATOR COFFEES - BU,Food & Drink,Sale,-17.25,
02/21/2025,02/23/2025,WALGREENS #2939,Health & Wellness,Sale,-23.20,
02/23/2025,02/23/2025,AMAZON MKTPL*K79WW69T3,Shopping,Sale,-10.74,
02/20/2025,02/23/2025,TRADER JOE S #170,Groceries,Sale,-48.23,
02/20/2025,02/21/2025,SQ *BONJOUR BAKEHOUSE LLC,Food & Drink,Sale,-8.75,
02/20/2025,02/21/2025,FD *CA DMV 593,Bills & Utilities,Sale,-45.00,
02/20/2025,02/21/2025,LA TAPATIA,Groceries,Sale,-18.16,
02/20/2025,02/21/2025,FD *CA DMV 593 *SVC,Bills & Utilities,Sale,-0.95,
02/17/2025,02/19/2025,Curry Hyuga - RETAIL,Food & Drink,Sale,-36.72,
02/18/2025,02/19/2025,SQ *THE VILLAGE HUB,Gifts & Donations,Sale,-9.75,
02/18/2025,02/19/2025,ATT*BILL PAYMENT,Bills & Utilities,Sale,-60.26,
02/17/2025,02/18/2025,SQ *THE SONOMA CHEESE FAC,Groceries,Sale,-30.00,
02/17/2025,02/18/2025,SQ *BON MARCHE THRIFT STO,Shopping,Sale,-23.16,
02/17/2025,02/18/2025,ISTANBUL MARKET SF,Groceries,Sale,-3.00,
02/17/2025,02/18/2025,SQ *THE SONOMA CHEESE FAC,Groceries,Sale,-53.85,
02/15/2025,02/17/2025,TABARES MEXICAN FOOD,Food & Drink,Sale,-10.08,
02/14/2025,02/16/2025,SQ *LELE CAKE,Food & Drink,Sale,-21.85,
02/15/2025,02/16/2025,LEMONADE INSURANCE,Bills & Utilities,Sale,-7.58,
02/13/2025,02/14/2025,KWIK SERV SAN BRUNO,Gas,Sale,-25.26,
02/14/2025,02/14/2025,Audible*5F0WB8Q63,Bills & Utilities,Sale,-14.95,
02/13/2025,02/14/2025,CVS/PHARMACY #09395,Health & Wellness,Sale,-9.83,
02/10/2025,02/12/2025,TRADER JOE S #170,Groceries,Sale,-69.40,
02/10/2025,02/11/2025,WALGREENS #0625,Health & Wellness,Sale,-4.36,
02/10/2025,02/11/2025,DEANS PRODUCE,Groceries,Sale,-33.47,
02/08/2025,02/10/2025,TAQUERIA MI DURANGO,Food & Drink,Sale,-8.68,
02/07/2025,02/09/2025,SAN BRUNO PARKING,Travel,Sale,-1.00,
02/06/2025,02/09/2025,TST*ONE LOVE CAFE II,Food & Drink,Sale,-6.31,
02/04/2025,02/06/2025,PLAY HOUSE LLC,Food & Drink,Sale,-22.04,
02/03/2025,02/05/2025,TRADER JOE S #170,Groceries,Sale,-58.44,
02/04/2025,02/05/2025,SQ *HIGHWIRE COFFEE ROAST,Food & Drink,Sale,-21.85,
02/04/2025,02/05/2025,WALGREENS #2939,Health & Wellness,Sale,-20.87,
02/04/2025,02/05/2025,SQ *SIGNAL COFFEE ROASTER,Food & Drink,Sale,-4.43,
02/04/2025,02/05/2025,ARIA SUPERMARKET,Groceries,Sale,-7.49,
02/03/2025,02/04/2025,SQ *ROMA DELI,Food & Drink,Sale,-16.70,
02/03/2025,02/04/2025,DEANS PRODUCE,Groceries,Sale,-48.17,
02/01/2025,02/02/2025,SQ *PLUCKY'S CAFE,Food & Drink,Sale,-46.04,
01/30/2025,01/31/2025,SQ *SOCIETEA,Food & Drink,Sale,-13.83,
01/28/2025,01/29/2025,BEST BUY      00001875,Shopping,Return,228.09,
01/24/2025,01/28/2025,ADELITAS RESTAURANT IN,Food & Drink,Sale,-41.52,
01/26/2025,01/28/2025,SP DROOTHEBAKER8080,Food & Drink,Sale,-3.75,
01/26/2025,01/28/2025,SQ *CAFE BUENOS AIRES - E,Food & Drink,Sale,-10.50,
01/26/2025,01/28/2025,BEST BUY      00001875,Shopping,Sale,-228.09,
01/25/2025,01/28/2025,TRADER JOE S #170,Groceries,Sale,-74.17,
01/25/2025,01/28/2025,DEANS PRODUCE,Groceries,Sale,-24.58,
01/25/2025,01/28/2025,PAPE BROS MEAT,Groceries,Sale,-8.63,
01/26/2025,01/26/2025,AUTOMATIC PAYMENT - THANK,,Payment,2896.39,
01/24/2025,01/26/2025,GRAND GAS UNION,Gas,Sale,-20.66,
01/23/2025,01/24/2025,FYGO INC,Food & Drink,Sale,-20.88,
01/21/2025,01/23/2025,ARCO#07048ARCO #07048,Gas,Sale,-28.57,
01/20/2025,01/22/2025,ALBERTSONS #0314,Groceries,Sale,-4.49,
01/21/2025,01/22/2025,MCDONALD'S F7605,Food & Drink,Sale,-1.84,
01/18/2025,01/20/2025,PY *SOTOS TRUE EARTH MARK,Groceries,Sale,-3.74,
01/18/2025,01/20/2025,PY *SOTOS TRUE EARTH MARK,Groceries,Sale,-9.12,
01/19/2025,01/20/2025,ATT*BILL PAYMENT,Bills & Utilities,Sale,-60.26,
01/18/2025,01/19/2025,SQ *SEASIDE FOODS LLC,Groceries,Sale,-66.50,
01/15/2025,01/17/2025,LUCKY #748 SAN BRUN,Groceries,Sale,-31.10,
01/15/2025,01/16/2025,LEMONADE INSURANCE,Bills & Utilities,Sale,-7.58,
01/15/2025,01/16/2025,WALGREENS #2939,Health & Wellness,Sale,-13.17,
01/15/2025,01/16/2025,SQ *CUNEO BAKERY INC.,Food & Drink,Sale,-12.00,
01/14/2025,01/16/2025,TRADER JOE S #170,Groceries,Sale,-21.55,
01/14/2025,01/14/2025,AMZN Digital*ZD4X328L1,Shopping,Sale,-14.95,
01/10/2025,01/12/2025,SQ *SPRUCE CAFE &amp; PATISSE,Food & Drink,Sale,-4.50,
01/11/2025,01/12/2025,GRAND GAS UNION,Gas,Sale,-22.70,
01/09/2025,01/10/2025,TJ MAXX #1112,Shopping,Sale,-73.58,
01/07/2025,01/08/2025,ARCO#83062CAMDEN GAS AND,Gas,Sale,-20.00,
01/07/2025,01/08/2025,SQ *47 HILLS BREWING COMP,Food & Drink,Sale,-29.67,
01/06/2025,01/07/2025,WHOLEFDS STC 10267,Groceries,Sale,-20.25,
01/06/2025,01/07/2025,LA TAPATIA,Groceries,Sale,-30.04,
01/05/2025,01/07/2025,TRADER JOE S #170,Groceries,Sale,-72.56,
01/04/2025,01/06/2025,SAN PASO TRUCK STOP,Gas,Sale,-27.79,
01/04/2025,01/06/2025,TST*FINCA,Food & Drink,Sale,-17.35,
01/02/2025,01/05/2025,TACO BELL #026126,Food & Drink,Sale,-6.82,
01/02/2025,01/05/2025,EL CANTARO VEGAN RESTAURA,Food & Drink,Sale,-13.58,
01/03/2025,01/05/2025,PY *SOTOS TRUE EARTH MARK,Groceries,Sale,-18.71,
01/03/2025,01/05/2025,SQ *CAMBRIA COFFEE COMPAN,Food & Drink,Sale,-2.50,
01/02/2025,01/05/2025,ANDRONICO}S 0173,Groceries,Sale,-3.99,
01/03/2025,01/05/2025,SANDY'S DELI &amp; BAKERY,Food & Drink,Sale,-13.41,
01/04/2025,01/05/2025,SQ *SPEARHEAD COFFEE,Food & Drink,Sale,-7.50,
01/04/2025,01/05/2025,SQ *COMMON GROUNDS,Food & Drink,Sale,-7.50,
01/01/2025,01/03/2025,TST*STUDIO CAFE,Food & Drink,Sale,-5.50,
01/02/2025,01/03/2025,K &amp; K QUICK STOP,Gas,Sale,-24.38,
01/02/2025,01/03/2025,CAFE GUARANI,Food & Drink,Sale,-12.73,
01/01/2025,01/03/2025,EL CANTARO VEGAN RESTAURA,Food & Drink,Sale,-9.37,
12/31/2024,01/01/2025,NACHO BIZNESS,Food & Drink,Sale,-30.62,
12/30/2024,01/01/2025,THE BULLDOG SPORTS PUB,Food & Drink,Sale,-67.40,
12/31/2024,01/01/2025,TST* TPSY PUTT RBS DENVER,Food & Drink,Sale,-9.06,
12/31/2024,01/01/2025,TST* SIAM STATION,Food & Drink,Sale,-61.63,
12/29/2024,12/31/2024,ADELITAS RESTAURANT IN,Food & Drink,Sale,-14.55,
12/30/2024,12/31/2024,TARGET        00003236,Shopping,Sale,-12.13,
12/30/2024,12/31/2024,SQ *VOYAGER-CUPERTINO,Food & Drink,Sale,-4.91,
12/29/2024,12/30/2024,ARCO#83062CAMDEN GAS AND,Gas,Sale,-21.99,
12/28/2024,12/30/2024,GOODYEAR A.S.C #4861,Automotive,Sale,-1089.83,
12/28/2024,12/29/2024,SQ *GREEN APPLE BOOKS ON,Shopping,Sale,-17.38,
12/28/2024,12/29/2024,SQ *GREEN APPLE BOOKS ON,Shopping,Sale,-28.79,
12/27/2024,12/29/2024,APPLE ESPR BAR APVC,Food & Drink,Sale,-8.00,
12/27/2024,12/29/2024,SQ *LOOKOUT COFFEE,Food & Drink,Sale,-19.80,
12/26/2024,12/26/2024,AUTOMATIC PAYMENT - THANK,,Payment,1787.81,
12/24/2024,12/26/2024,SAFEWAY #2878,Groceries,Sale,-6.49,
12/24/2024,12/26/2024,TACO BELL 26850,Food & Drink,Sale,-8.94,
12/24/2024,12/25/2024,OUTDOOR SUPPLY MILLBRAE,Home,Return,2.19,
12/24/2024,12/25/2024,OUTDOOR SUPPLY MILLBRAE,Home,Sale,-9.00,
12/24/2024,12/25/2024,DEANS PRODUCE,Groceries,Sale,-23.76,
12/23/2024,12/25/2024,PORTOS BAKERY DOWNEYCL,Food & Drink,Sale,-15.82,
12/23/2024,12/25/2024,CUPERTINO CAR WASH,Gas,Sale,-25.62,
12/23/2024,12/25/2024,TARGET        00025841,Shopping,Sale,-9.26,
12/23/2024,12/24/2024,ROBERT HARRIS CAFE,Food & Drink,Sale,-7.00,
12/23/2024,12/24/2024,MADRAS CAFE,Food & Drink,Sale,-16.50,
12/23/2024,12/24/2024,SUSHI BAR HAYAMA KIOSK,Food & Drink,Sale,-13.62,
12/22/2024,12/23/2024,TANK BAYFAIR,Food & Drink,Sale,-4.82,
12/23/2024,12/23/2024,Z Matamata,Gas,Sale,-1.13,
12/21/2024,12/23/2024,MCDONALDS MATAMATA,Food & Drink,Sale,-3.46,
12/20/2024,12/22/2024,SWANSONS SANDWICH BAR,Food & Drink,Sale,-5.47,
12/20/2024,12/22/2024,THL WAITOMO CAVES,Entertainment,Sale,-2.88,
12/20/2024,12/22/2024,THL WAITOMO CAVES,Entertainment,Sale,-3.68,
12/20/2024,12/22/2024,THL WAITOMO CAVES,Entertainment,Sale,-3.46,
12/22/2024,12/22/2024,Chemist Warehouse,Health & Wellness,Sale,-3.97,
12/21/2024,12/22/2024,Pinoy Tres Cuisine,Food & Drink,Sale,-3.18,
12/22/2024,12/22/2024,KOWHAI CREAMERY,Food & Drink,Sale,-5.67,
12/22/2024,12/22/2024,GIGIS,Food & Drink,Sale,-15.89,
12/21/2024,12/22/2024,THE COFFEE GALLERY,Food & Drink,Sale,-7.36,
12/22/2024,12/22/2024,HOTWOKS,Food & Drink,Sale,-1.93,
12/19/2024,12/22/2024,AT PUBLIC TRANSPORT,Travel,Sale,-2.70,
12/22/2024,12/22/2024,The Rich Coffee Cafe,Food & Drink,Sale,-5.36,
12/20/2024,12/22/2024,ZIBETTO,Food & Drink,Sale,-3.17,
12/19/2024,12/20/2024,DAILY BREAD FEDERAL ST,Food & Drink,Sale,-3.48,
12/19/2024,12/20/2024,THE EOS COFFEE,Food & Drink,Sale,-4.81,
12/19/2024,12/20/2024,THE EOS COFFEE,Food & Drink,Sale,-9.27,
12/19/2024,12/19/2024,Zap Lai,Food & Drink,Sale,-11.75,
12/19/2024,12/19/2024,BLUEBELLS CAKERY,Food & Drink,Sale,-3.25,
12/19/2024,12/19/2024,Receptionist,Food & Drink,Sale,-3.27,
12/19/2024,12/19/2024,MOJO QUAY STREET,Food & Drink,Sale,-2.87,
12/19/2024,12/19/2024,Aotea Gifts AKL,Shopping,Sale,-12.83,
12/18/2024,12/19/2024,AMORE GELATO,Food & Drink,Sale,-4.69,
12/18/2024,12/19/2024,THE EOS COFFEE,Food & Drink,Sale,-3.07,
12/18/2024,12/18/2024,OK Gift Shop Ltd,Shopping,Sale,-9.56,
12/18/2024,12/18/2024,HELLO BEASTY,Food & Drink,Sale,-167.64,
12/17/2024,12/18/2024,ATT*BILL PAYMENT,Bills & Utilities,Sale,-60.26,
12/16/2024,12/18/2024,TAQUERIA MI DURANGO,Food & Drink,Sale,-8.68,
12/16/2024,12/17/2024,DOG PATCH SFO T1,Food & Drink,Sale,-16.03,
12/16/2024,12/17/2024,WALGREENS #2939,Health & Wellness,Sale,-37.88,
12/16/2024,12/17/2024,DONUT WHEEL,Food & Drink,Sale,-5.00,
12/16/2024,12/17/2024,DONUT WHEEL,Food & Drink,Sale,-7.00,
12/14/2024,12/17/2024,EL JAROCHITO TAQUERIA,Food & Drink,Sale,-13.59,
12/15/2024,12/16/2024,FYGO INC,Food & Drink,Sale,-8.79,
12/15/2024,12/16/2024,LEMONADE INSURANCE,Bills & Utilities,Sale,-7.58,
12/14/2024,12/16/2024,NORDSTROM #0475,Shopping,Return,49.19,
12/14/2024,12/16/2024,TACO BELL 26850,Food & Drink,Sale,-4.35,
12/13/2024,12/15/2024,Amazon.com*Z12N37AY2,Shopping,Sale,-32.64,
12/13/2024,12/15/2024,NORDSTROM-RACK #0428,Shopping,Sale,-252.61,
12/14/2024,12/15/2024,FYGO INC,Food & Drink,Sale,-5.49,
12/14/2024,12/15/2024,SPO*BRISBANELUNCHTRUCK,Food & Drink,Sale,-25.82,
12/14/2024,12/15/2024,Audible*ZX86F17N0,Bills & Utilities,Sale,-14.95,
12/14/2024,12/15/2024,Dicks Sporting Goods,Shopping,Sale,-65.93,
12/12/2024,12/13/2024,AMAZON MKTPL*Z186E64Q2,Shopping,Sale,-21.65,
12/12/2024,12/13/2024,AMAZON MKTPL*ZX9H82RE2,Shopping,Sale,-10.98,
12/11/2024,12/13/2024,SPEEDWAY 4874,Gas,Sale,-29.85,
12/12/2024,12/13/2024,SQ *CAFE DE CASA SOUTH SA,Food & Drink,Sale,-14.17,
12/11/2024,12/12/2024,Amazon.com*ZR1VZ76M1,Shopping,Sale,-48.33,
12/10/2024,12/11/2024,EL FAROLITO 5,Food & Drink,Sale,-21.95,
12/09/2024,12/10/2024,SQ *SARATOGA BAGELS,Food & Drink,Sale,-8.25,
12/10/2024,12/10/2024,Amazon.com*ZX8FY61A2,Shopping,Sale,-27.46,
12/09/2024,12/10/2024,SQ *SARATOGA BAGELS,Food & Drink,Sale,-37.51,
12/08/2024,12/09/2024,NORDSTROM-RACK #0432,Shopping,Sale,-49.19,
12/08/2024,12/09/2024,PARK STATION HASHERY,Food & Drink,Sale,-22.09,
12/08/2024,12/09/2024,BLVD COFFEE,Food & Drink,Sale,-16.99,
12/05/2024,12/06/2024,SQ *DONUT KING,Food & Drink,Sale,-2.00,
12/04/2024,12/06/2024,ROLLING PIN DONUTS LLC,Food & Drink,Sale,-2.15,
12/03/2024,12/05/2024,DEANS PRODUCE,Groceries,Sale,-9.09,
12/03/2024,12/05/2024,TRADER JOE S #170,Groceries,Sale,-60.17,
12/03/2024,12/04/2024,NZETA,Bills & Utilities,Sale,-69.26,
11/30/2024,12/02/2024,TST*DELLA FATTORIA,Food & Drink,Sale,-45.98,
11/29/2024,12/01/2024,SQ *THE SONOMA CHEESE FAC,Groceries,Sale,-2.46,
11/29/2024,12/01/2024,SQ *STOCKHOME,Food & Drink,Sale,-68.49,
11/29/2024,12/01/2024,SQ *OHM COFFEE ROASTERS -,Food & Drink,Sale,-9.50,
11/30/2024,12/01/2024,TST* PILLOWFIGHT COFFEE,Food & Drink,Sale,-11.07,
11/26/2024,11/28/2024,TRADER JOE S #170,Groceries,Sale,-32.17,
11/27/2024,11/28/2024,SQ *ANTOJITOS MEXICANOS J,Food & Drink,Sale,-6.56,
11/27/2024,11/28/2024,DISCOUNT TIRE CAN 45,Automotive,Sale,-531.38,
11/27/2024,11/28/2024,DEANS PRODUCE,Groceries,Sale,-40.52,
11/26/2024,11/28/2024,MILLBRAE VALERO,Gas,Sale,-28.71,
11/26/2024,11/28/2024,SPEEDEE OIL CHANGE &amp; A,Automotive,Sale,-105.41,
11/26/2024,11/27/2024,WALGREENS #0625,Health & Wellness,Sale,-28.42,
11/26/2024,11/27/2024,AMAZON MKTPL*Z35YA6AY0,Shopping,Sale,-171.41,
11/26/2024,11/26/2024,AUTOMATIC PAYMENT - THANK,,Payment,1135.34,
11/24/2024,11/26/2024,CAFE  ANGOLO.,Food & Drink,Sale,-6.99,
11/24/2024,11/25/2024,LUKE'S LOCAL,Groceries,Sale,-12.49,
11/23/2024,11/25/2024,ADELITAS RESTAURANT IN,Food & Drink,Sale,-20.67,
11/23/2024,11/25/2024,ADELITAS RESTAURANT IN,Food & Drink,Sale,-20.17,
11/22/2024,11/24/2024,SQ *CUNEO BAKERY INC.,Food & Drink,Sale,-4.00,
11/22/2024,11/24/2024,AMAZON MKTPL*SK8NG42X3,Shopping,Sale,-28.10,
11/20/2024,11/21/2024,KAISER 02090371,Health & Wellness,Sale,-35.00,
11/20/2024,11/21/2024,SQ *THE YARD COFFEE,Food & Drink,Sale,-5.49,
11/18/2024,11/20/2024,SPEEDWAY 4874,Gas,Sale,-28.28,
11/17/2024,11/19/2024,TRADER JOE S #170,Groceries,Sale,-23.61,
11/18/2024,11/19/2024,ATT*BILL PAYMENT,Bills & Utilities,Sale,-60.26,
11/17/2024,11/18/2024,MOLLIE STONES #6,Groceries,Sale,-39.39,
11/17/2024,11/18/2024,LUNARDI'S MKT #8,Groceries,Sale,-65.02,
11/16/2024,11/18/2024,UNITED      0162436764601,Travel,Sale,-10.00,
11/16/2024,11/18/2024,SHELL OIL10007856015,Gas,Sale,-1.05,
11/17/2024,11/18/2024,SQ *J&amp;M IBARRA FARM,Groceries,Sale,-9.50,
11/17/2024,11/18/2024,SQ *GOODTHING COFFEE,Food & Drink,Sale,-12.50,
11/17/2024,11/18/2024,SQ *BURLINGAME SUNDAY FAR,Food & Drink,Sale,-13.99,
11/14/2024,11/17/2024,Orange County Fair,Food & Drink,Sale,-10.00,
11/16/2024,11/17/2024,SQ *MARKET PIZZA BY DREW,Food & Drink,Sale,-25.36,
11/16/2024,11/17/2024,SQ *GGET CULVER,Food & Drink,Sale,-4.50,
11/15/2024,11/17/2024,LEMONADE INSURANCE,Bills & Utilities,Sale,-7.58,
11/14/2024,11/14/2024,Audible*UY0JB0T03,Bills & Utilities,Sale,-14.95,
11/13/2024,11/14/2024,WALGREENS #2939,Health & Wellness,Sale,-19.77,
11/13/2024,11/14/2024,GUAVA &amp; JAVA SFO,Food & Drink,Sale,-11.72,
11/09/2024,11/10/2024,SQ *LA REYNA MARKET,Food & Drink,Sale,-5.24,
11/08/2024,11/10/2024,CVS/PHARMACY #09925,Health & Wellness,Sale,-15.35,
11/09/2024,11/10/2024,SQ *CENTRAL COAST CREAMER,Groceries,Sale,-8.80,
11/09/2024,11/10/2024,SQ *PROOF &amp; GATHER BAKING,Food & Drink,Sale,-3.53,
11/09/2024,11/10/2024,PY *BUONA TAVOLA,Food & Drink,Sale,-62.74,
11/09/2024,11/10/2024,6103 CONSERV FUEL,Gas,Sale,-33.56,
11/09/2024,11/10/2024,BEVERAGES &amp; MORE #128,Food & Drink,Sale,-9.83,
11/06/2024,11/07/2024,SQ *CAFE DE CASA SOUTH SA,Food & Drink,Sale,-37.49,
10/31/2024,11/03/2024,LUCKY #748 SAN BRUN,Groceries,Sale,-41.95,
11/01/2024,11/03/2024,SQ *CUNEO BAKERY INC.,Food & Drink,Sale,-4.00,
10/31/2024,11/03/2024,SPEEDWAY 4874,Gas,Sale,-31.13,
11/01/2024,11/03/2024,SQ *CUNEO BAKERY INC.,Food & Drink,Sale,-4.00,
11/02/2024,11/03/2024,LOS GATOS HARDWARE,Home,Sale,-12.27,
11/02/2024,11/03/2024,LOS GATOS HARDWARE,Home,Sale,-37.43,
11/02/2024,11/03/2024,SQ *PLUCKY'S CAFE,Food & Drink,Sale,-4.38,
11/02/2024,11/03/2024,CITY OF BURLINGAME-PARKI,Travel,Sale,-1.00,
10/29/2024,10/31/2024,TRADER JOE S #170,Groceries,Sale,-72.82,
10/30/2024,10/31/2024,SQ *PERFECT POUR CAFE,Food & Drink,Sale,-16.21,
10/28/2024,10/29/2024,LA TAPATIA,Groceries,Sale,-26.45,
10/25/2024,10/27/2024,ARCO#07048ARCO #07048,Gas,Sale,-22.91,
10/26/2024,10/27/2024,LOWES #02730*,Home,Sale,-14.12,
10/24/2024,10/27/2024,HAWI HAWAILAN BBQ,Food & Drink,Sale,-6.03,
10/26/2024,10/27/2024,SQ *JOEBELLA COFFEE PASO,Food & Drink,Sale,-3.50,
10/25/2024,10/27/2024,SQ *CUNEO BAKERY INC.,Food & Drink,Sale,-9.00,
10/26/2024,10/27/2024,SQ *JACK CREEK FARMS,Groceries,Sale,-17.99,
10/26/2024,10/27/2024,SQ *CARNALES STREET TACOS,Food & Drink,Sale,-4.00,
10/25/2024,10/25/2024,AUTOMATIC PAYMENT - THANK,,Payment,2289.32,
10/23/2024,10/24/2024,TAQUERIA SAN BRUNO,Food & Drink,Sale,-16.33,
10/22/2024,10/24/2024,HAWI HAWAILAN BBQ,Food & Drink,Sale,-6.03,
10/22/2024,10/23/2024,SQ *CUNEO BAKERY INC.,Food & Drink,Sale,-5.00,
10/20/2024,10/21/2024,I JAVA CAFE,Food & Drink,Sale,-25.34,
10/20/2024,10/21/2024,LOS GATOS HARDWARE,Home,Return,1.11,
10/20/2024,10/21/2024,LOS GATOS HARDWARE,Home,Sale,-27.44,
10/19/2024,10/20/2024,CVS/PHARMACY #09921,Health & Wellness,Sale,-2.18,
10/19/2024,10/20/2024,GRAND GAS UNION,Gas,Sale,-20.43,
10/17/2024,10/20/2024,ATT*BILL PAYMENT,Bills & Utilities,Sale,-58.25,
10/18/2024,10/20/2024,THE OFFICE BAR AND GRILL,Food & Drink,Sale,-26.90,
10/18/2024,10/20/2024,SQ *CAFE DE CASA SOUTH SA,Food & Drink,Sale,-21.70,
10/15/2024,10/16/2024,LEMONADE INSURANCE,Bills & Utilities,Sale,-7.58,
10/15/2024,10/16/2024,SQ *CUNEO BAKERY INC.,Food & Drink,Sale,-4.00,
10/14/2024,10/15/2024,Audible*RK67056C3,Bills & Utilities,Sale,-14.95,
10/13/2024,10/15/2024,TRADER JOE S #181,Groceries,Sale,-115.16,
10/13/2024,10/14/2024,SQ *VERVE COFFEE ROASTERS,Food & Drink,Sale,-24.25,
10/13/2024,10/14/2024,GRAND GAS UNION,Gas,Sale,-27.53,
10/13/2024,10/14/2024,SQ *IBIZA,Food & Drink,Sale,-24.14,
10/13/2024,10/14/2024,SQ *LOOKOUT COFFEE,Food & Drink,Sale,-12.58,
10/11/2024,10/14/2024,ICHIBAN SUSHI,Food & Drink,Sale,-13.03,
10/11/2024,10/13/2024,SQ *CUNEO BAKERY INC.,Food & Drink,Sale,-8.00,
10/10/2024,10/11/2024,SQ *CUNEO BAKERY INC.,Food & Drink,Sale,-9.00,
10/09/2024,10/10/2024,SQ *THE BAKER NEXT DOOR,Food & Drink,Sale,-6.00,
10/09/2024,10/10/2024,SQ *LEAF AND THORN LLC DB,Professional Services,Sale,-5.50,
10/09/2024,10/10/2024,KAISER 02090371,Health & Wellness,Sale,-35.00,
10/09/2024,10/10/2024,SQ *LEAF AND THORN LLC DB,Professional Services,Sale,-4.50,
10/07/2024,10/08/2024,LA TAPATIA,Groceries,Sale,-15.57,
10/06/2024,10/08/2024,ADELITAS RESTAURANT IN,Food & Drink,Sale,-5.44,
10/06/2024,10/07/2024,SAN BRUNO GAS,Gas,Sale,-31.68,
10/06/2024,10/07/2024,SQ *LA MICHOACANITA PALET,Food & Drink,Sale,-4.93,
10/06/2024,10/07/2024,SQ *LADERA GARDEN &amp; GIFTS,Shopping,Sale,-10.94,
10/05/2024,10/07/2024,TOMO SUSHI AND TERIYAKI,Food & Drink,Sale,-47.41,
10/06/2024,10/07/2024,KISS MY BOBA,Food & Drink,Sale,-8.91,
10/06/2024,10/07/2024,SQ *THE VILLAGE HUB,Gifts & Donations,Sale,-6.50,
10/04/2024,10/06/2024,TST*TRAIL DUST BBQ,Food & Drink,Sale,-34.64,
10/04/2024,10/06/2024,CVS/PHARMACY #09802,Health & Wellness,Sale,-27.29,
10/05/2024,10/06/2024,TJ MAXX #1112,Shopping,Sale,-22.39,
10/05/2024,10/06/2024,SQ *KARMA CAFE,Food & Drink,Sale,-12.75,
10/04/2024,10/06/2024,SSA MONTEREY BAY AQUARIUM,Food & Drink,Sale,-6.87,
10/04/2024,10/04/2024,Monterey Bay Aquarium,Gifts & Donations,Sale,-65.00,
10/03/2024,10/04/2024,SQ *LOTUS FALAFEL AND SHA,Food & Drink,Sale,-11.28,
10/02/2024,10/03/2024,DAISO - SERRAMONTE CEN,Shopping,Sale,-3.59,
10/02/2024,10/03/2024,MOLLIE STONES #5,Groceries,Sale,-58.37,
09/30/2024,10/02/2024,LUCKY #748 SAN BRUN,Groceries,Sale,-20.97,
10/01/2024,10/02/2024,SPEEDWAY 04976 501 SERRAM,Gas,Sale,-26.96,
09/30/2024,10/02/2024,LEMONADE INSURANCE,Bills & Utilities,Return,2.43,
09/29/2024,10/01/2024,TAQUERIA MI DURANGO,Food & Drink,Sale,-17.58,
09/28/2024,09/29/2024,EL PARIENTE MARISCOS,Food & Drink,Sale,-12.65,
09/27/2024,09/29/2024,ATT*BILL PAYMENT,Bills & Utilities,Sale,-65.28,
09/27/2024,09/29/2024,SQ *CUNEO BAKERY INC.,Food & Drink,Sale,-13.00,
09/27/2024,09/27/2024,AAA INSURANCE,Bills & Utilities,Sale,-626.76,
09/25/2024,09/27/2024,SAFEWAY #2878,Groceries,Sale,-40.93,
09/25/2024,09/27/2024,TRADER JOE S #170,Groceries,Sale,-79.92,
09/26/2024,09/26/2024,AUTOMATIC PAYMENT - THANK,,Payment,1051.55,
09/25/2024,09/26/2024,SQ *CUNEO BAKERY INC.,Food & Drink,Sale,-11.75,
09/23/2024,09/25/2024,TACO BELL #026126,Food & Drink,Sale,-3.89,
09/22/2024,09/24/2024,MAMAS MEATBALL,Food & Drink,Sale,-104.18,
09/22/2024,09/24/2024,SAN PASO TRUCK STOP,Gas,Sale,-21.53,
09/22/2024,09/24/2024,SAN PASO TRUCK STOP,Gas,Sale,-4.06,
09/22/2024,09/23/2024,SQ *SCOUT COFFEE,Groceries,Sale,-11.75,
09/22/2024,09/23/2024,F. MCLINTOCK SAN LUIS,Food & Drink,Sale,-11.54,
09/22/2024,09/23/2024,SQ *FIELD DAY COFFEE,Food & Drink,Sale,-19.75,
09/22/2024,09/23/2024,SPO*BRISBANELUNCHTRUCK,Food & Drink,Sale,-23.62,
09/20/2024,09/23/2024,TAQUERIA MI DURANGO,Food & Drink,Sale,-14.23,
09/20/2024,09/22/2024,ARCO#00743SAN BRUNO ARCO,Gas,Sale,-9.80,
09/20/2024,09/22/2024,3 BROTHERS BAKERY BRAES,Food & Drink,Sale,-5.85,
09/21/2024,09/22/2024,ARCO#00743SAN BRUNO ARCO,Gas,Sale,-15.75,
09/21/2024,09/22/2024,ARCO#00743SAN BRUNO ARCO,Gas,Sale,-4.09,
09/20/2024,09/22/2024,COFFEETREND,Food & Drink,Sale,-3.52,
09/19/2024,09/20/2024,AMAZON MKTPL*4P7MD2CP3,Shopping,Sale,-91.73,
09/17/2024,09/18/2024,TST* SLOWPOKES - RICHMOND,Food & Drink,Sale,-12.99,
09/17/2024,09/18/2024,TST*ZOA MOROCCAN RICHMON,Food & Drink,Sale,-11.85,
09/16/2024,09/18/2024,BERRY DEVINE,Food & Drink,Sale,-13.08,
09/17/2024,09/18/2024,TST*COCOS RICHMOND,Food & Drink,Sale,-3.80,
09/16/2024,09/17/2024,COFFEETREND,Food & Drink,Sale,-5.42,
09/15/2024,09/16/2024,TARGET        00010546,Shopping,Sale,-20.77,
09/15/2024,09/16/2024,TARGET        00010546,Shopping,Return,43.94,
09/15/2024,09/16/2024,DIM SUM KITCHEN EXPRESS,Food & Drink,Sale,-2.14,
09/13/2024,09/15/2024,WORLD MARKET  #398,Home,Sale,-4.99,
09/13/2024,09/15/2024,ROSS STORES #1940,Shopping,Sale,-45.03,
09/15/2024,09/15/2024,LEMONADE INSURANCE,Bills & Utilities,Sale,-12.08,
09/14/2024,09/15/2024,Audible*RB1OB2VR3,Bills & Utilities,Sale,-14.95,
09/13/2024,09/15/2024,TJ MAXX #1112,Shopping,Sale,-25.25,
09/12/2024,09/15/2024,SAFEWAY #2878,Groceries,Sale,-6.77,
09/11/2024,09/12/2024,TARGET        00010546,Shopping,Sale,-166.15,
09/09/2024,09/10/2024,EL FAROLITO 5,Food & Drink,Sale,-10.54,
09/08/2024,09/09/2024,BLVD COFFEE,Food & Drink,Sale,-14.72,
09/09/2024,09/09/2024,TOMO SUSHI AND TERIYAKI,Food & Drink,Sale,-83.77,
09/08/2024,09/09/2024,LOS GATOS HARDWARE,Home,Sale,-23.57,
09/07/2024,09/08/2024,SPECTRA COFFEE,Food & Drink,Sale,-12.85,
09/06/2024,09/08/2024,SAN BRUNO PARKING,Travel,Sale,-0.75,
09/06/2024,09/08/2024,SQ *CUNEO BAKERY INC.,Food & Drink,Sale,-8.00,
09/07/2024,09/08/2024,GRAND GAS UNION,Gas,Sale,-32.76,
09/05/2024,09/08/2024,TST*ONE LOVE CAFE II,Food & Drink,Sale,-4.88,
09/06/2024,09/08/2024,SQ *CUNEO BAKERY INC.,Food & Drink,Sale,-6.00,
09/07/2024,09/08/2024,I JAVA CAFE,Food & Drink,Sale,-38.24,
09/06/2024,09/08/2024,SQ *BEYOND THE BORDER,Food & Drink,Sale,-32.96,
09/06/2024,09/08/2024,HAPPY LAMB MOUNTAIN VIEW,Food & Drink,Sale,-135.85,
09/04/2024,09/06/2024,SAFEWAY #2878,Groceries,Sale,-7.26,
09/05/2024,09/06/2024,FASTRAK VIOLATION CENT,Travel,Sale,-7.00,
09/04/2024,09/06/2024,TRADER JOE S #170,Groceries,Sale,-33.74,
09/05/2024,09/06/2024,SQ *CUNEO BAKERY INC.,Food & Drink,Sale,-8.00,
09/04/2024,09/05/2024,SPO*BRISBANELUNCHTRUCK,Food & Drink,Sale,-41.76,
09/03/2024,09/05/2024,TACO BELL 26850,Food & Drink,Sale,-4.35,
09/02/2024,09/04/2024,ARCO#07097ARCO #07097,Gas,Sale,-30.72,
09/02/2024,09/03/2024,SQ *SEASIDE FOODS LLC,Groceries,Sale,-22.52,
09/01/2024,09/03/2024,PY *SOTOS TRUE EARTH MARK,Groceries,Sale,-27.16,
09/01/2024,09/02/2024,LINN'S GOURMET GOODS,Food & Drink,Sale,-9.50,
08/31/2024,09/02/2024,SHELL OIL 57445290406,Gas,Sale,-36.28,
08/31/2024,09/02/2024,TARGET        00011205,Shopping,Sale,-7.99,
08/31/2024,09/02/2024,MCDONALD'S F26155,Food & Drink,Sale,-3.25,
08/31/2024,09/02/2024,TST*LITTLE NAPOLI,Food & Drink,Sale,-90.01,
08/30/2024,09/01/2024,LA TAPATIA,Groceries,Sale,-13.07,
08/29/2024,08/30/2024,SQ *CUNEO BAKERY INC.,Food & Drink,Sale,-8.00,
08/27/2024,08/29/2024,SPEEDWAY 4874,Gas,Sale,-28.97,
08/27/2024,08/28/2024,SQ *CUNEO BAKERY INC.,Food & Drink,Sale,-6.75,
08/26/2024,08/28/2024,TACO BELL #026126,Food & Drink,Sale,-3.89,
08/27/2024,08/28/2024,SQ *CUNEO BAKERY INC.,Food & Drink,Sale,-8.00,
08/26/2024,08/26/2024,AUTOMATIC PAYMENT - THANK,,Payment,3071.72,
08/26/2024,08/26/2024,Google Monster Couch,Entertainment,Sale,-9.99,
08/23/2024,08/25/2024,KAISER 02090371,Health & Wellness,Sale,-35.00,
08/24/2024,08/25/2024,SQ *WINE SHINE &amp; TIN CITY,Groceries,Sale,-83.87,
08/23/2024,08/25/2024,GRAND GAS UNION,Gas,Sale,-20.42,
08/24/2024,08/25/2024,SQ *ETTO PASTA BAR,Food & Drink,Sale,-17.16,
08/23/2024,08/25/2024,JERSEY MIKES 20152,Food & Drink,Sale,-24.00,
08/21/2024,08/23/2024,ZANOTTO S SUNNYVALE,Groceries,Sale,-10.43,
08/22/2024,08/23/2024,EL FAROLITO 5,Food & Drink,Sale,-10.54,
08/21/2024,08/23/2024,HANKKI HOUSE,Food & Drink,Sale,-19.84,
08/21/2024,08/22/2024,SQ *POUR DECISIONS CRAFT,Food & Drink,Sale,-16.35,
08/21/2024,08/22/2024,KAISER 02090637,Health & Wellness,Sale,-55.00,
08/20/2024,08/22/2024,TU MERO MOLE,Food & Drink,Sale,-33.84,
08/21/2024,08/22/2024,KAISER 02090637,Health & Wellness,Sale,-55.00,
08/20/2024,08/21/2024,GRAND GAS UNION,Gas,Sale,-22.88,
08/20/2024,08/21/2024,LITTLE SAIGON,Food & Drink,Sale,-2.20,
08/17/2024,08/18/2024,SQ *NAYSAYER COFFEE ROAST,Food & Drink,Sale,-2.75,
08/16/2024,08/18/2024,ARCO#83062CAMDEN GAS AND,Gas,Sale,-28.85,
08/17/2024,08/18/2024,SQ *NAYSAYER COFFEE ROAST,Food & Drink,Sale,-4.00,
08/16/2024,08/18/2024,MADRAS CAFE,Food & Drink,Sale,-11.46,
08/15/2024,08/18/2024,ZANOTTO S SUNNYVALE,Groceries,Sale,-3.79,
08/16/2024,08/18/2024,SQ *CUNEO BAKERY INC.,Food & Drink,Sale,-12.00,
08/15/2024,08/16/2024,SPO*BRISBANELUNCHTRUCK,Food & Drink,Sale,-41.76,
08/14/2024,08/15/2024,76 - LOS ALTOS 76,Gas,Sale,-20.48,
08/14/2024,08/15/2024,SATURA PATISSERIE,Food & Drink,Sale,-3.25,
08/14/2024,08/15/2024,SQ *RED BERRY COFFEE BAR,Food & Drink,Sale,-4.61,
08/11/2024,08/13/2024,TACO BELL #026126,Food & Drink,Sale,-3.89,
08/10/2024,08/12/2024,TACO BELL 023052,Food & Drink,Sale,-1.62,
08/10/2024,08/11/2024,SQ *WINE SHINE &amp; TIN CITY,Groceries,Sale,-33.39,
08/09/2024,08/11/2024,EXXON LOS GATOS 76,Gas,Sale,-21.49,
08/10/2024,08/11/2024,SQ *ETTO PASTA BAR,Food & Drink,Sale,-20.38,
08/09/2024,08/11/2024,SQ *BAREFOOT COFFEE CAMPB,Food & Drink,Sale,-4.10,
08/10/2024,08/11/2024,SQ *WINE SHINE &amp; TIN CITY,Groceries,Sale,-14.80,
08/10/2024,08/11/2024,SQ *JOEBELLA COFFEE PASO,Food & Drink,Sale,-8.00,
08/08/2024,08/11/2024,HOU AIRP CHICK FIL A,Food & Drink,Sale,-9.65,
08/10/2024,08/11/2024,CHEVRON 0212458,Gas,Sale,-2.99,
08/08/2024,08/09/2024,SQ *BAO BAR,Groceries,Sale,-6.46,
08/07/2024,08/09/2024,ORIGINAL CHOP SHOP 119,Food & Drink,Sale,-8.12,
08/08/2024,08/09/2024,BOPJO,Food & Drink,Sale,-15.09,
08/08/2024,08/09/2024,SQ *TALITHA COFFEE ROASTE,Food & Drink,Sale,-4.62,
08/06/2024,08/08/2024,UN CAFFE,Food & Drink,Sale,-35.73,
08/07/2024,08/08/2024,TST*NIKO NIKOS - MONTROS,Food & Drink,Sale,-11.91,
08/06/2024,08/07/2024,SQ *PAULIE'S,Food & Drink,Sale,-88.76,
08/05/2024,08/06/2024,TST* SLOWPOKES - RICHMOND,Food & Drink,Sale,-7.31,
08/05/2024,08/06/2024,TST*ZOA MOROCCAN RICHMON,Food & Drink,Sale,-15.10,
08/05/2024,08/06/2024,TST* SLOWPOKES - RICHMOND,Food & Drink,Sale,-14.89,
08/04/2024,08/06/2024,TST*ROLLIN PHATTIES - GA,Food & Drink,Sale,-15.14,
08/04/2024,08/06/2024,THE OWL,Food & Drink,Sale,-9.36,
08/04/2024,08/05/2024,WHOLEFDS KIR 10115,Groceries,Sale,-23.75,
08/03/2024,08/05/2024,TST*PORKYS BACKYARD,Food & Drink,Sale,-18.32,
08/03/2024,08/05/2024,TST*COCOS RICHMOND,Food & Drink,Sale,-4.33,
08/03/2024,08/04/2024,PY *FAT BAO,Food & Drink,Sale,-15.70,
08/04/2024,08/04/2024,TAQUERIA DON JUANITO,Food & Drink,Sale,-11.26,
08/02/2024,08/04/2024,TST*FLOWER &amp; CREAM,Food & Drink,Sale,-7.58,
08/02/2024,08/04/2024,TST*ANDES CAFE,Food & Drink,Sale,-12.99,
08/02/2024,08/04/2024,TST*CAVO &amp; CLEO COFFEE,Food & Drink,Sale,-10.14,
07/31/2024,08/02/2024,CHICK-FIL-A TERM B SJC,Food & Drink,Sale,-6.40,
08/01/2024,08/02/2024,TST*COCOS RICHMOND,Food & Drink,Sale,-3.80,
08/01/2024,08/02/2024,TST*COCOS RICHMOND,Food & Drink,Sale,-5.41,
07/31/2024,08/02/2024,DAZBOG CAFE,Food & Drink,Sale,-4.86,
08/01/2024,08/01/2024,ANNUAL MEMBERSHIP FEE,Fees & Adjustments,Fee,-95.00,
07/29/2024,07/31/2024,TST* CHARLIE HONG KONG,Food & Drink,Sale,-15.02,
07/28/2024,07/30/2024,ADELITAS RESTAURANT IN,Food & Drink,Sale,-12.92,
07/29/2024,07/30/2024,TST* TEASPOON - CAMPBELL,Groceries,Sale,-16.75,
07/28/2024,07/29/2024,TST* SONOMA EATS RESTAURA,Food & Drink,Sale,-13.83,
07/27/2024,07/29/2024,LUCKY #778 SONOMA,Groceries,Sale,-28.08,
07/28/2024,07/29/2024,SQ *FAR WEST FUNGI INC,Groceries,Sale,-5.00,
07/28/2024,07/29/2024,GRAND GAS UNION,Gas,Sale,-26.01,
07/28/2024,07/29/2024,BONNEAU 03 GROVE,Gas,Sale,-7.91,
07/28/2024,07/29/2024,SQ *DUMPLING KING LLC,Groceries,Sale,-13.46,
07/27/2024,07/28/2024,SQ *BAKER &amp; COOK,Food & Drink,Sale,-23.59,
07/25/2024,07/28/2024,SPEEDWAY 4874,Gas,Sale,-32.55,
07/25/2024,07/28/2024,KFC/TB #203,Food & Drink,Sale,-3.25,
07/24/2024,07/25/2024,SQ *SPRUCE CAFE,Food & Drink,Sale,-7.00,
07/23/2024,07/25/2024,TRADER JOE S #181,Groceries,Sale,-81.07,
07/24/2024,07/25/2024,THE NIGHT MARKET,Food & Drink,Sale,-7.70,
07/23/2024,07/24/2024,SQ *SPRUCE CAFE,Food & Drink,Sale,-8.50,
07/22/2024,07/23/2024,KAISER 02090637,Health & Wellness,Sale,-55.00,
07/21/2024,07/23/2024,BERRY DEVINE,Food & Drink,Sale,-13.08,
07/22/2024,07/23/2024,TST* SLOWPOKES - RICHMOND,Food & Drink,Sale,-7.58,
07/21/2024,07/23/2024,MILLBRAE VALERO,Gas,Sale,-15.30,
07/21/2024,07/22/2024,SQ *ZAREEN'S PALO ALTO,Food & Drink,Sale,-33.80,
07/20/2024,07/22/2024,TST* PORKYS BACKYARD,Food & Drink,Sale,-16.24,
07/20/2024,07/22/2024,TST* PORKYS BACKYARD,Food & Drink,Sale,-21.32,
07/20/2024,07/21/2024,SQ *KONA RESERVE COFFEE,Food & Drink,Sale,-5.20,
07/20/2024,07/21/2024,SQ *R.F.A INNOVATION LLC,Home,Sale,-19.48,
07/19/2024,07/21/2024,TST* CAVO &amp; CLEO COFFEE,Food & Drink,Sale,-8.06,
07/20/2024,07/21/2024,SQ *BROWN BAG DELI,Food & Drink,Sale,-12.45,
07/19/2024,07/21/2024,TST* TRILL BURGER,Food & Drink,Sale,-12.22,
07/18/2024,07/19/2024,TST* SLOWPOKES - RICHMOND,Food & Drink,Sale,-2.98,
07/18/2024,07/19/2024,TST* FIVE CENTRAL,Food & Drink,Sale,-9.00,
07/17/2024,07/19/2024,PY *FAT BAO,Food & Drink,Sale,-9.74,
07/17/2024,07/19/2024,PY *FAT BAO,Food & Drink,Sale,-5.85,
07/18/2024,07/19/2024,COSTCO GAS #1018,Gas,Sale,-24.13,
07/18/2024,07/19/2024,TST* THE TURKEY LEG HUT,Food & Drink,Sale,-54.45,
07/18/2024,07/19/2024,TST* BBS TEX-ORLEANS - K,Food & Drink,Sale,-22.09,
07/18/2024,07/19/2024,TST* SLOWPOKES - RICHMOND,Food & Drink,Sale,-13.89,
07/16/2024,07/18/2024,TST* AXELRAD BEER GARDEN,Food & Drink,Sale,-15.39,
07/17/2024,07/18/2024,SQ *PAULIE'S,Food & Drink,Sale,-14.57,
07/16/2024,07/17/2024,SQ *BOOMBOXTACO,Food & Drink,Sale,-12.99,
07/16/2024,07/17/2024,SQ *LUCE AVENUE COFFEE RO,Food & Drink,Sale,-4.33,
07/15/2024,07/17/2024,TST* CHOPNBLOK,Food & Drink,Sale,-26.39,
07/14/2024,07/16/2024,EINSTEIN'S TERMINAL 1,Food & Drink,Sale,-6.13,
07/15/2024,07/16/2024,TST* RITUAL COFFEE AT SFO,Food & Drink,Sale,-11.78,
07/15/2024,07/16/2024,TST* ZOA MOROCCAN RICHMON,Food & Drink,Sale,-12.94,
07/15/2024,07/16/2024,TST* ANONYMOUS EATS,Food & Drink,Sale,-5.60,
07/12/2024,07/15/2024,ADELITAS RESTAURANT IN,Food & Drink,Sale,-31.36,
07/14/2024,07/15/2024,TST* THE PIT ROOM,Food & Drink,Sale,-24.90,
07/13/2024,07/15/2024,CALI SPARTAN MEXICAN KITC,Food & Drink,Sale,-12.51,
07/12/2024,07/14/2024,AMAZON MKTPL*RY6AO0HU1,Shopping,Sale,-223.97,
07/13/2024,07/14/2024,HOBEES 7,Food & Drink,Sale,-75.93,
07/13/2024,07/14/2024,99 RANCH #1702,Groceries,Sale,-2.73,
07/12/2024,07/14/2024,SAFEWAY #1245,Groceries,Sale,-35.26,
07/13/2024,07/14/2024,NORDSTROM #0475,Shopping,Sale,-54.62,
07/13/2024,07/14/2024,TJMAXX #0401,Shopping,Sale,-10.93,
07/12/2024,07/14/2024,JAMBA JUICE 0409 ECOMM,Food & Drink,Sale,-13.91,
07/10/2024,07/12/2024,GREEN BAKERY CAFE,Food & Drink,Sale,-13.04,
07/11/2024,07/12/2024,SQ *VEGAN MOB SAN BRUNO,Food & Drink,Sale,-17.54,
07/10/2024,07/12/2024,ZANOTTO S SUNNYVALE,Groceries,Sale,-3.04,
07/11/2024,07/12/2024,SQ *ORANGE SUNRISE,Food & Drink,Sale,-11.27,
07/10/2024,07/12/2024,ANDRONICO'S #2454,Groceries,Sale,-7.95,
07/09/2024,07/11/2024,MERIT VEGAN RESTAURANT,Food & Drink,Sale,-41.42,
07/10/2024,07/11/2024,CL *Chase Travel,Travel,Sale,-1540.40,
07/09/2024,07/10/2024,SQ *SPRUCE CAFE,Food & Drink,Sale,-7.50,
07/09/2024,07/10/2024,HAPPY LEMON - SUNNYVALE,Food & Drink,Sale,-6.50,
07/07/2024,07/09/2024,TACO BELL #026126,Food & Drink,Sale,-5.84,
07/05/2024,07/07/2024,SQ *MUNAK RANCH,Groceries,Sale,-11.00,
07/05/2024,07/07/2024,SQ *MUNAK RANCH,Groceries,Sale,-4.00,
07/06/2024,07/07/2024,COOKIE CROCK-CAMBRI,Groceries,Sale,-16.93,
07/05/2024,07/07/2024,COOKIE CROCK-CAMBRI,Groceries,Sale,-23.86,
07/04/2024,07/05/2024,COOKIE CROCK-CAMBRI,Groceries,Sale,-5.69,
